{
  "123Jeux": {
    "nom": "123 JEUX (SASU)",
    "adresse": "1 ALLEE DES CHATAIGNIERS",
    "code_postal": "77115",
    "ville": "SIVRY-COURTRY",
    "pays": "France",
    "email": "victor@frankme.com",
    "siret": "98353547700019"
  },
  "Bandes de canailles": {
    "nom": "BANDES DE CANAILLES - LLS CAPSULE (SAS)",
    "adresse": "3 RUE BIXIO",
    "code_postal": "75007",
    "ville": "Paris",
    "pays": "France",
    "email": "lancelot@lespetitscitrons.com",
    "siret": "95213805500019"
  },
  "Barbe à Patatax": {
    "nom": "DEROUSSIN STEVE",
    "adresse": "ROUTE DE LYON QUARTIER DERBEZE",
    "code_postal": "30200",
    "ville": "BAGNOLS-SUR-CEZE",
    "pays": "France",
    "email": "barbeapatatax@gmail.com",
    "siret": "82978954400014"
  },
  "Defi Home": {
    "nom": "DEFI HOME",
    "adresse": "60 RUE BRANCION",
    "code_postal": "75015",
    "ville": "PARIS",
    "pays": "France",
    "email": "defihome75015@gmail.com",
    "siret": "98754623100018"
  },
  "Esprit composite": {
    "nom": "MOULAGE FORME COMPOSITE (SARL)",
    "adresse": "42 RUE DE CHATILLON",
    "code_postal": "92140",
    "ville": "CLAMART",
    "pays": "France",
    "email": "",
    "siret": "81784505000019"
  },
  "Artoyz": {
    "nom": "ARTOYZ (SARL)",
    "adresse": "189 Rue d’Aubervilliers",
    "code_postal": "75018",
    "ville": "PARIS",
    "pays": "France",
    "email": "michael@artoyz.com",
    "siret": "45099284700068"
  },
  "Classytins": {
    "nom": "CLASSYTINS (SASU)",
    "adresse": "9 RUE DE COSSIGNY",
    "code_postal": "77170",
    "ville": "BRIE-COMTE-ROBERT",
    "pays": "France",
    "email": "info@classytins.com",
    "siret": "91980525900018"
  },
  "Essentielsisabelle": {
    "nom": "LES ESSENTIELS D’ISABELLE (SASU)",
    "adresse": "11 Rue des Perchamps",
    "code_postal": "75016",
    "ville": "PARIS",
    "pays": "France",
    "email": "isa.capron718@gmail.com",
    "siret": "80409589100011"
  },
  "Librairie théatrale": {
    "nom": "FANTASIO (LIBRAIRIE THÉÂTRALE)",
    "adresse": "3 Rue de Marivaux",
    "code_postal": "75002",
    "ville": "PARIS",
    "pays": "France",
    "email": "chmenival@librairietheatrale.com",
    "siret": "85234081900022"
  },
  "Mosco": {
    "nom": "MOSCO (SARL)",
    "adresse": "22 Rue Étienne Marcel",
    "code_postal": "75002",
    "ville": "PARIS",
    "pays": "France",
    "email": "maarekjordan@gmail.com",
    "siret": "31060279200015"
  },
  "Nuisibleshop": {
    "nom": "SHOP NUISIBLES (SAS)",
    "adresse": "2 RUE DES MERLES",
    "code_postal": "60000",
    "ville": "GOINCOURT",
    "pays": "France",
    "email": "contactnuisibleshop@gmail.com",
    "siret": "89447816300013"
  },
  "Olara": {
    "nom": "OLARA (SARL)",
    "adresse": "24 Rue Beaubourg",
    "code_postal": "75003",
    "ville": "PARIS",
    "pays": "France",
    "email": "chenthomas17@gmail.com",
    "siret": "42167280900017"
  },
  "Worldoftcg": {
    "nom": "WORLD OF TCG (SAS)",
    "adresse": "12 RUE DU CDT KIEFFER",
    "code_postal": "95240",
    "ville": "CORMEILLES EN PARISIS",
    "pays": "France",
    "email": "laure@worldoftcg.fr",
    "siret": "98070662600010"
  },
  "Rayonne Procosmetics": {
    "nom": "RAYONNE PROCOSMETICS (SARL)",
    "adresse": "BUREAU 326, 59 RUE DE PONTHIEU",
    "code_postal": "75008",
    "ville": "PARIS",
    "pays": "France",
    "email": "rayonneprocosmetics@gmail.com",
    "siret": "95349628800010"
  },
  "Tissus Lionel": {
    "nom": "HOURI LIONEL",
    "adresse": "5 rue Seveste",
    "code_postal": "75018",
    "ville": "PARIS",
    "pays": "France",
    "email": "contact@tissuslionel.com / hourilionel",
    "siret": "38041402900039"
  },
  "Planete D Logistique": {
    "nom": "PLANETE DISCOUNT SAS",
    "adresse": "14 CHEMIN DES GROSEILLIERS",
    "code_postal": "91760",
    "ville": "ITTEVILLE",
    "pays": "France",
    "email": "r.guasco@planetediscount.fr",
    "siret": "80974652200014"
  },
  "DRAKARE": {
    "nom": "DRAKARE (SARL)",
    "adresse": "60 RUE FRANCOIS IER",
    "code_postal": "75008",
    "ville": "PARIS",
    "pays": "France",
    "email": "contact@drakare.fr",
    "siret": "95223584400018"
  },
  "Les Petits Citrons": {
    "nom": "LLS CAPSULE (SAS)",
    "adresse": "3 RUE BIXIO",
    "code_postal": "75007",
    "ville": "PARIS",
    "pays": "France",
    "email": "lancelot@lespetitscitrons.com",
    "siret": "95213805500019"
  },
  "Mondiale des vins": {
    "nom": "BRUT DE CHAMP (SAS)",
    "adresse": "Adresse à compléter",
    "code_postal": "00000",
    "ville": "Ville",
    "pays": "France",
    "email": "",
    "siret": "00000000000000"
  },
  "FAYZE": {
    "nom": "FAYZE (SAS)",
    "adresse": "74 RUE DE PASSY",
    "code_postal": "75016",
    "ville": "PARIS",
    "pays": "France",
    "email": "fannylmbln@gmail.com",
    "siret": "94941518600012"
  },
  "Magic Custom": {
    "nom": "MAGIC CUSTOM (SAS)",
    "adresse": "RUE ROBERT BRANCHARD",
    "code_postal": "95870",
    "ville": "BEZONS",
    "pays": "France",
    "email": "bernardcustom@gmail.com",
    "siret": "79180848800021"
  },
  "ATNT Paris": {
    "nom": "ATNT PARIS (SAS)",
    "adresse": "19 RUE DE L'ARC DE TRIOMPHE",
    "code_postal": "75017",
    "ville": "PARIS",
    "pays": "France",
    "email": "atntparis1@gmail.com",
    "siret": "80442200400024"
  },
  "C'est cela": {
    "nom": "C'EST CELA (EURL)",
    "adresse": "24 Rue Jean Jaurès",
    "code_postal": "79300",
    "ville": "BRESSUIRE - FRANCE",
    "pays": "France",
    "email": "g.lajotte@cestcela.fr",
    "siret": "95112166400019"
  },
  "Japan-Guitar": {
    "nom": "JGH ISAO (SAS)",
    "adresse": "3 RUE ANDRE LALANDE",
    "code_postal": "91000",
    "ville": "EVRY-COURCOURONNES",
    "pays": "France",
    "email": "jgh.isao@gmail.com",
    "siret": "98326365800012"
  },
  "Doctoshop": {
    "nom": "PHARMACIE KOUASSI",
    "adresse": "8 RUE DU TRAMWAY",
    "code_postal": "72550",
    "ville": "COULANS-SUR-GEE",
    "pays": "France",
    "email": "gestion@pharmaciedelagee.fr",
    "siret": "82017011600025"
  },
  "La maison du haut parleur": {
    "nom": "LA MAISON DU HAUT PARLEUR",
    "adresse": "138 AVENUE PARMENTIER",
    "code_postal": "75011",
    "ville": "PARIS",
    "pays": "France",
    "email": "paris@lamaisonduhautparleur.fr",
    "siret": "31657055500029"
  },
  "Marin Montagut": {
    "nom": "MARIN MONTAGUT PRODUCTION (SARL)",
    "adresse": "48 RUE MADAME",
    "code_postal": "75006",
    "ville": "PARIS",
    "pays": "France",
    "email": "eshop@marinmontagut.com",
    "siret": "52868681900038"
  },
  "Parfum Dusita": {
    "nom": "PARFUMS DUSITA (SAS)",
    "adresse": "11 RUE DE LA SOURDIERE",
    "code_postal": "75001",
    "ville": "PARIS",
    "pays": "France",
    "email": "accounting@parfumsdusita.com",
    "siret": "80764580900037"
  },
  "LE PETIT DORMEUR": {
    "nom": "LE PETIT DORMEUR (SASU)",
    "adresse": "9 RUE MARCEL DASSAULT",
    "code_postal": "78210",
    "ville": "SAINT-CYR-L'ECOLE",
    "pays": "France",
    "email": "brieuc@lepetitdormeur.fr",
    "siret": "91070176200023"
  },
  "Pixel Corner": {
    "nom": "PIXEL CORNER (SAS)",
    "adresse": "4 RUE D'ORSEL",
    "code_postal": "75018",
    "ville": "PARIS",
    "pays": "France",
    "email": "simon@pixelcorner.fr",
    "siret": "88384204900024"
  },
  "Aida M'Dalla": {
    "nom": "SARL AIDA M'DALLA SHOPPPING",
    "adresse": "229 RUE SAINT-HONORE",
    "code_postal": "75001",
    "ville": "PARIS",
    "pays": "France",
    "email": "johanna@allure-coiffure.fr",
    "siret": "89765277200038"
  },
  "Norbert Bottier via PP": {
    "nom": "CORDONNERIE MODERNE",
    "adresse": "164 AVENUE DE SUFFREN",
    "code_postal": "75015",
    "ville": "PARIS",
    "pays": "France",
    "email": "contact@norbertbottier.com",
    "siret": "32159267700025"
  },
  "F.M.R FOR KIDS": {
    "nom": "F.M.R FOR KIDS (SARL)",
    "adresse": "89 RUE DALAYRAC",
    "code_postal": "94120",
    "ville": "FONTENAY-SOUS-BOIS",
    "pays": "France",
    "email": "compta@minikane.com",
    "siret": "75289758700032"
  },
  "Labo-Art-Oire via PP": {
    "nom": "XIX (BIEN PLACE) (SAS)",
    "adresse": "5 RUE DE TRACY",
    "code_postal": "75002",
    "ville": "PARIS",
    "pays": "France",
    "email": "gestion@labo-art-oire.fr",
    "siret": "85212458500039"
  },
  "Ambrode via Peoples Post": {
    "nom": "HAYAA SAS",
    "adresse": "59 RUE DES POISSONNIERS",
    "code_postal": "75018",
    "ville": "PARIS",
    "pays": "France",
    "email": "usrehas@gmail.com",
    "siret": "91984742600013"
  },
  "Fragrance Korner": {
    "nom": "MMP CORP (SAS)",
    "adresse": "22 RUE DE TANGER",
    "code_postal": "75019",
    "ville": "PARIS",
    "pays": "France",
    "email": "mopatelpro@gmail.com",
    "siret": "94946733600028"
  },
  "Palais des arômes": {
    "nom": "PALAIS DES ARÔMES (EURL)",
    "adresse": "456 AVENUE LOUIS PASTEUR",
    "code_postal": "80470",
    "ville": "DREUIL-LES-AMIENS",
    "pays": "France",
    "email": "alanaf@palais-des-aromes.com",
    "siret": "91191102200034"
  },
  "Patidélice": {
    "nom": "BACHA LILA (PATIDÉLICE)",
    "adresse": "MARSEILLE, 357 CHEMIN DE MORGIOU",
    "code_postal": "13009",
    "ville": "MARSEILLE 9EME",
    "pays": "France",
    "email": "contact@patidelice-shop.com",
    "siret": "90476621900045"
  },
  "La cabane à bonbons": {
    "nom": "CALOINI ALEXANDRA",
    "adresse": "7 RUE MICHEL LAVAL",
    "code_postal": "51100",
    "ville": "REIMS",
    "pays": "France",
    "email": "lacabaneabonbons@yahoo.com",
    "siret": "75241750100034"
  },
  "La licorne gourmande": {
    "nom": "GUENNO MORGANE\n(LA LICORNE GOURMANDE)",
    "adresse": "2 GAUMAIN",
    "code_postal": "44460",
    "ville": "AVESSAC",
    "pays": "France",
    "email": "lalicornegourmande44@gmail.com",
    "siret": "91398502400011"
  },
  "Higéa": {
    "nom": "MORE LIFE GROUP SAS",
    "adresse": "66 AVENUE DES CHAMPS ELYSEES",
    "code_postal": "75008",
    "ville": "PARIS",
    "pays": "France",
    "email": "contact@higea.fr",
    "siret": "91317349800027"
  },
  "Truffe Délice": {
    "nom": "TRUFFE DÉLICE (SARL)",
    "adresse": "BUREAU 326, 78 AVENUE DES CHAMPS ELYSEES",
    "code_postal": "75008",
    "ville": "PARIS",
    "pays": "France",
    "email": "contact@truffedelice.com",
    "siret": "91812634300030"
  },
  "Magic Candy": {
    "nom": "MAGIC CANDY",
    "adresse": "BATIMENT 5A, 6 ROUTE DE LA BRULATTE",
    "code_postal": "53410",
    "ville": "PORT-BRILLET",
    "pays": "France",
    "email": "info@magic-candy.fr",
    "siret": "92050272100029"
  },
  "AO DISTRIBUTION": {
    "nom": "AO DISTRIBUTION (SASU)",
    "adresse": "VILLAGE D ARTISANS LOCAL 12A, 12 ROUTE DE LA BRULATTE",
    "code_postal": "53410",
    "ville": "PORT-BRILLET",
    "pays": "France",
    "email": "contact@aodistribution.fr",
    "siret": "81257574400030"
  },
  "Belle Miss Paris": {
    "nom": "BELLE MISS(AZZANO)",
    "adresse": "135 RUE DU TEMPLE",
    "code_postal": "75003",
    "ville": "PARIS",
    "pays": "France",
    "email": "azzano135@gmail.com",
    "siret": "34524218400066"
  },
  "Classique autowerks via PP": {
    "nom": "C.L.A.W CLASSIQUE AUTOWERKS",
    "adresse": "11 RUE DE LA GOLIASSE",
    "code_postal": "74890",
    "ville": "BONS-EN-CHABLAIS",
    "pays": "France",
    "email": "classique.autowerks@gmail.com",
    "siret": "88143548100026"
  },
  "GAME AND COLLECT": {
    "nom": "GAME AND COLLECT (SAS)",
    "adresse": "4 RUE DU SAULE DE LA CHASSE",
    "code_postal": "77127",
    "ville": "LIEUSAINT",
    "pays": "France",
    "email": "gameandcollectcontact@gmail.com",
    "siret": "93372696000018"
  },
  "Gemini via PP": {
    "nom": "S&F",
    "adresse": "32 RUE PROFESSEUR RANVIER",
    "code_postal": "69008",
    "ville": "LYON",
    "pays": "France",
    "email": "sasgemini69@gmail.com",
    "siret": "94131723200028"
  },
  "Les bonbons de Nour": {
    "nom": "LBN LES BONBONS DE NOUR",
    "adresse": "8 RUE DU FAUBOURG",
    "code_postal": "60380",
    "ville": "SULLY",
    "pays": "France",
    "email": "lesbonbonsdenour@gmail.com",
    "siret": "93900647400018"
  },
  "Meizie Family": {
    "nom": "MARCHAND CAMILLE\n(MEÏZIEFAMILY)",
    "adresse": "284 RUE D’EPINAY",
    "code_postal": "95100",
    "ville": "ARGENTEUIL",
    "pays": "France",
    "email": "meiziefamilypro@gmail.com",
    "siret": "89894331100016"
  },
  "Senza Nature via PP": {
    "nom": "SENZA (SAS)",
    "adresse": "93 AVENUE DE LA REPUBLIQUE",
    "code_postal": "92120",
    "ville": "MONTROUGE",
    "pays": "France",
    "email": "laura@senza-nature.fr",
    "siret": "85242633700014"
  },
  "Seven Malinois": {
    "nom": "SEVEN & TOM",
    "adresse": "22 Rue des Ebisoires",
    "code_postal": "78370",
    "ville": "PLAISIR",
    "pays": "France",
    "email": "sevenmalinois.pro@outlook.fr",
    "siret": "92004156300015"
  },
  "Quanailles via PP": {
    "nom": "QUANAILLES (SAS)",
    "adresse": "10 RUE DE PENTHIEVRE",
    "code_postal": "75008",
    "ville": "PARIS",
    "pays": "France",
    "email": "contact@quanailles.com",
    "siret": "88049651800023"
  },
  "Mezorama": {
    "nom": "WEIZ CORP",
    "adresse": "19 RUE DU SAUSSET",
    "code_postal": "93290",
    "ville": "TREMBLAY-EN-FRANCE",
    "pays": "France",
    "email": "support@mezorama.com",
    "siret": "97767503200014"
  },
  "DEFI HOME": {
    "nom": "DEFI HOME",
    "adresse": "60 RUE BRANCION",
    "code_postal": "75015",
    "ville": "PARIS",
    "pays": "France",
    "email": "defihome75015@gmail.com",
    "siret": "98754623100018"
  },
  "Maison Shiiba": {
    "nom": "HABEN DESIGN",
    "adresse": "4 RUE MARECHAL DES LOGIS JULES FELLEGARA",
    "code_postal": "06400",
    "ville": "CANNES",
    "pays": "France",
    "email": "hello@maisonshiiba.fr",
    "siret": "83801997400024"
  },
  "REVE OLFACTIF": {
    "nom": "REVE OLFACTIF",
    "adresse": "200 RUE DE LA CROIX NIVERT",
    "code_postal": "75015",
    "ville": "PARIS",
    "pays": "France",
    "email": "sofyanwalid@hotmail.com",
    "siret": "94208423700018"
  },
  "Chouchoux de Garry": {
    "nom": "FARRUGIA AURELE",
    "adresse": "14 RUE DE LA CROIX LETERQUE",
    "code_postal": "76430",
    "ville": "SAINT-ROMAIN-DE-COLBOSC",
    "pays": "France",
    "email": "garry.farrugia@hotmail.com",
    "siret": "53033531400031"
  },
  "Pokeseller14": {
    "nom": "POKESELLER14",
    "adresse": "2 RUE DES JARDINS",
    "code_postal": "50700",
    "ville": "URVILLE",
    "pays": "France",
    "email": "pokeseller14@gmail.com",
    "siret": "94831640100017"
  },
  "Atlantis France": {
    "nom": "ATLANTIS FRANCE SARL",
    "adresse": "2 RUE CENTRALE",
    "code_postal": "79150",
    "ville": "VOULMENTIN",
    "pays": "France",
    "email": "r.dippold@atlantisfrance.fr",
    "siret": "83873391300019"
  },
  "Pramstcg": {
    "nom": "PRAMS",
    "adresse": "14 RUE ALPHONSE BEAU DE ROCHAS",
    "code_postal": "66330",
    "ville": "CABESTANY",
    "pays": "France",
    "email": "pramstcg@gmail.com",
    "siret": "94202924000010"
  },
  "WORLD OF TCG": {
    "nom": "WORLD OF TCG",
    "adresse": "12 RUE DU CDT KIEFFER",
    "code_postal": "95240",
    "ville": "CORMEILLES EN PARISIS",
    "pays": "France",
    "email": "laure@worldoftcg.fr",
    "siret": "98070662600010"
  },
  "Auto P": {
    "nom": "FRANCE DETAILING SAS",
    "adresse": "188 AVENUE DE SENIGALLIA",
    "code_postal": "89100",
    "ville": "SENS",
    "pays": "France",
    "email": "autopsens@gmail.com",
    "siret": "91198797200013"
  },
  "Plan Shop 92": {
    "nom": "INFINITY SHOP",
    "adresse": "4 RUE OLYMPE DE GOUGES",
    "code_postal": "92600",
    "ville": "ASNIERES-SUR-SEINE",
    "pays": "France",
    "email": "infinityshop92@hotmail.com",
    "siret": "94533946300016"
  },
  "Outlet Shopp": {
    "nom": "ANK GROUP",
    "adresse": "CS 52084, 5 RUE FENELON",
    "code_postal": "33000",
    "ville": "BORDEAUX",
    "pays": "France",
    "email": "outlet.shop33000@gmail.com",
    "siret": "94533946300016"
  },
  "Pouss Nature Hair": {
    "nom": "SISSAKO NIAVARA",
    "adresse": "BUREAU 3, 5 RUE PLEYEL",
    "code_postal": "93200",
    "ville": "SAINT-DENIS",
    "pays": "France",
    "email": "poussnaturehair@gmail.com",
    "siret": "94222570700010"
  },
  "Oh my candy": {
    "nom": "PERBAL MATHIEU",
    "adresse": "8 RUE DE CHABANNES",
    "code_postal": "83000",
    "ville": "TOULON",
    "pays": "France",
    "email": "mathieu.perbal@gmail.com",
    "siret": "93517947300019"
  },
  "Luviana": {
    "nom": "LUVIANA",
    "adresse": "Aucun statut",
    "code_postal": "00000",
    "ville": "Ville",
    "pays": "France",
    "email": "floravlog68@gmail.com",
    "siret": "00000000000000"
  },
  "Radié selon pappers": {
    "nom": "RADIÉ SELON PAPPERS",
    "adresse": "25 RUE LEON JOUHAUX",
    "code_postal": "64000",
    "ville": "PAU",
    "pays": "France",
    "email": "linatendance@gmail.com",
    "siret": "00000000000000"
  },
  "Andas Paris": {
    "nom": "ANDAS RAYAN",
    "adresse": "133 CHEMIN DE COMBE - PICARD",
    "code_postal": "38540",
    "ville": "VALENCIN",
    "pays": "France",
    "email": "andasparis@gmail.com",
    "siret": "92920091300010"
  },
  "Poseidon Particles": {
    "nom": "POSEIDON PARTICLES\n(MOULIN DE JADIS) - EURL",
    "adresse": "BATIMENT 6A, VILLAGE D'ARTISANS",
    "code_postal": "53410",
    "ville": "PORT-BRILLET",
    "pays": "France",
    "email": "poseidon.particles@gmail.com",
    "siret": "91255247800014"
  },
  "Caftan 2 Sahar": {
    "nom": "ALLARD SAHAR",
    "adresse": "120 HENT MESGUEN",
    "code_postal": "29760",
    "ville": "PENMARCH",
    "pays": "France",
    "email": "caftan2sahar@gmail.com",
    "siret": "90988659000019"
  },
  "RC World": {
    "nom": "RC WORLD(RACING MODELISME)",
    "adresse": "24 RUE DES VIOLETTES",
    "code_postal": "38100",
    "ville": "GRENOBLE",
    "pays": "France",
    "email": "contact@racingmodelisme.com",
    "siret": "99240304800018"
  },
  "Pack Moto": {
    "nom": "PACK-MOTO",
    "adresse": "116 Rue de la Fraternité",
    "code_postal": "93170",
    "ville": "BAGNOLET",
    "pays": "France",
    "email": "info@packmoto.fr",
    "siret": "82406859700023"
  },
  "Boutique en Live (WD Mode)": {
    "nom": "DEROUCHE WALID\n(WD MODE)",
    "adresse": "23 RUE MAURICE FOUQUES",
    "code_postal": "14460",
    "ville": "COLOMBELLES",
    "pays": "France",
    "email": "laboutiqueenlive14@gmail.com",
    "siret": "99248733000019"
  },
  "Truffe et Moustache": {
    "nom": "NATUROFFICINE",
    "adresse": "36 ROUTE DU PONT NOIR",
    "code_postal": "36200",
    "ville": "BADECON-LE-PIN",
    "pays": "France",
    "email": "sophie@truffe-moustache.com",
    "siret": "85032685100027"
  },
  "Au Fil d'horus": {
    "nom": "AU FIL D'HORUS",
    "adresse": "38 ROUTE DES BARREAUX",
    "code_postal": "24130",
    "ville": "SAINT-PIERRE-D'EYRAUD",
    "pays": "France",
    "email": "boutiqueaufildhorus@gmail.com",
    "siret": "93404300100015"
  },
  "Les Douceurs de Cécé": {
    "nom": "LAIGLE CELINE\n(LES DOUCEURS DE CÉCÉ)",
    "adresse": "105 rue des Oiseaux",
    "code_postal": "45210",
    "ville": "NARGIS",
    "pays": "France",
    "email": "lesdouceursdecece@gmail.com",
    "siret": "93997720300016"
  },
  "H2M (Petit Prix Paris)": {
    "nom": "H2M PARIS",
    "adresse": "4 quatre chemin de la planchette",
    "code_postal": "94500",
    "ville": "CHAMPIGNY SUR MARNE",
    "pays": "France",
    "email": "petitprixparis75@gmail.com",
    "siret": "94538235600018"
  },
  "Parfum Luxe 67": {
    "nom": "CHARGUI ILYAS\n(EMIR SCENT)",
    "adresse": "17 rue Montesquieu, 67200, Starsbourg",
    "code_postal": "00000",
    "ville": "Ville",
    "pays": "France",
    "email": "newnewfjfj@gmail.com",
    "siret": "90227873800023"
  },
  "Coumzodefar": {
    "nom": "DJIMERA COUMBA\n(COUMZO EVENTS)",
    "adresse": "31 GRANDE RUE",
    "code_postal": "91360",
    "ville": "EPINAY-SUR-ORGE",
    "pays": "France",
    "email": "sycoumzo@gmail.com",
    "siret": "82185925300030"
  },
  "Ninon Plume": {
    "nom": "NINON PLUME",
    "adresse": "432 avenue de Rome",
    "code_postal": "83500",
    "ville": "LA SEYNE SUR MER",
    "pays": "France",
    "email": "r.ollivier@iota-solutions.fr",
    "siret": "97967342300013"
  },
  "Miss Musc ( Barrid Compagny)": {
    "nom": "BARRID COMPAGNY\n(MISS MUSC)",
    "adresse": "19 RUE MADELEINE DE VALMALETE",
    "code_postal": "13014",
    "ville": "MARSEILLE",
    "pays": "France",
    "email": "sav@missmusc.com",
    "siret": "98804404600015"
  },
  "Rétines et pupilles opticien": {
    "nom": "FRANCK ZEITOUN SARL",
    "adresse": "5 avenue de Villiers",
    "code_postal": "75017",
    "ville": "PARIS",
    "pays": "France",
    "email": "franckz555@gmail.com",
    "siret": "48188960800016"
  },
  "Delta Design (Full Design)": {
    "nom": "DELTA CONSEIL",
    "adresse": "88 RUE DE VERDUN",
    "code_postal": "94500",
    "ville": "CHAMPIGNY-SUR-MARNE",
    "pays": "France",
    "email": "delta.comportement@gmail.com",
    "siret": "91820686300014"
  },
  "Aimée de Mars": {
    "nom": "LABORATOIRE AIMEE",
    "adresse": "895 ROUTE DE BREUZY",
    "code_postal": "45700",
    "ville": "MONTCRESSON",
    "pays": "France",
    "email": "am@aimeedemars.com",
    "siret": "82428431900061"
  },
  "Pure Mastour": {
    "nom": "HUSEJNOVIC MEDINA\n(PURE MASTOUR)",
    "adresse": "3 B AVENUE BRILLAT-SAVARIN",
    "code_postal": "01300",
    "ville": "BELLEY",
    "pays": "France",
    "email": "hsjmeedina@gmail.com",
    "siret": "93503092400028"
  },
  "Iksiir Paris": {
    "nom": "EL MOKNI NADYME\n(PURE&DÉLICE)",
    "adresse": "3 rue Jacques Prevert",
    "code_postal": "92240",
    "ville": "MALAKOFF",
    "pays": "France",
    "email": "iksiirparis@gmail.com",
    "siret": "84390489700017"
  },
  "Chercheurs d'or vert": {
    "nom": "RELINQUO",
    "adresse": "80 rue des haies",
    "code_postal": "75020",
    "ville": "PARIS",
    "pays": "France",
    "email": "pamela@chercheursdorvert.fr",
    "siret": "98015300100022"
  },
  "VM Collection": {
    "nom": "MARIE VIRGINIE\n(VMCOLLECTION)",
    "adresse": "1 rue de la métallurgie",
    "code_postal": "14460",
    "ville": "COLOMBELLES",
    "pays": "France",
    "email": "virginiemariecollection@gmail.com",
    "siret": "99321069900019"
  },
  "Exodrink": {
    "nom": "EMCL DISTRIBUTION",
    "adresse": "22 B BOULEVARD DE LA MOTHE",
    "code_postal": "54000",
    "ville": "NANCY",
    "pays": "France",
    "email": "direction@exodrinks.fr",
    "siret": "80465451500019"
  },
  "Pikadisplay": {
    "nom": "HL HOLDING",
    "adresse": "51 BOULEVARD DE STRASBOURG",
    "code_postal": "59000",
    "ville": "LILLE",
    "pays": "France",
    "email": "Hugo.lammertyn@gmail.com",
    "siret": "99315189300019"
  },
  "Hikaru Distribution": {
    "nom": "HIKARU DISTRIBUTION",
    "adresse": "122 RUE AMELOT",
    "code_postal": "75011",
    "ville": "PARIS",
    "pays": "France",
    "email": "guillaume@hikarudistribution.com",
    "siret": "98290773500012"
  },
  "SEKHMET (DIAME)": {
    "nom": "SEKHMET",
    "adresse": "2 RUE BALDUNG GRIEN",
    "code_postal": "67000",
    "ville": "STRASBOURG",
    "pays": "France",
    "email": "contact@diame-paris.com",
    "siret": "89079756600019"
  },
  "Atlas essence": {
    "nom": "OUFRICHE IDRIS(CLECOQUEAUTO)",
    "adresse": "19 ALLEE DU CERF VOLANT",
    "code_postal": "13140",
    "ville": "MIRAMAS",
    "pays": "France",
    "email": "oufriche.idris@gmail.com",
    "siret": "88435166900012"
  },
  "Posters de nos régions": {
    "nom": "ANCELLIN NICOLAS(CENTRAL CLUBS)",
    "adresse": "103 RUE DU CHERCHE-MIDI",
    "code_postal": "75006",
    "ville": "PARIS",
    "pays": "France",
    "email": "nicolasancellin@hotmail.fr",
    "siret": "84883310900038"
  },
  "Numéro One Paris": {
    "nom": "ALMK",
    "adresse": "14 RUE LOUIS DAVID",
    "code_postal": "75016",
    "ville": "PARIS",
    "pays": "France",
    "email": "arnaud-m68@hotmail.fr",
    "siret": "95273548800019"
  },
  "Sombre Pèche": {
    "nom": "COMPPER CEDRIC (SOMBRE PECHE)",
    "adresse": "11 AVENUE DE LA GARE",
    "code_postal": "51260",
    "ville": "CONFLANS-SUR-SEINE",
    "pays": "France",
    "email": "Sombrepeche@gmail.com",
    "siret": "50767272300024"
  },
  "Populaire Cosmetiques": {
    "nom": "POPULAIRE COSMETIQUES",
    "adresse": "COMMERCIAL LA VERRIERE, 25 ALLEE JEAN LOUIS BARRAULT",
    "code_postal": "77100",
    "ville": "MEAUX",
    "pays": "France",
    "email": "populairecosmetiques@gmail.com",
    "siret": "90171358600013"
  },
  "Beige Velvet": {
    "nom": "BEIGE VELVET",
    "adresse": "20 AVENUE SEBASTOPOL",
    "code_postal": "57070",
    "ville": "METZ",
    "pays": "France",
    "email": "beigevelvetboutique@gmail.com",
    "siret": "94011129700013"
  },
  "Bicuit": {
    "nom": "BICUIT",
    "adresse": "1 B RUE DE ROQUETOIRE",
    "code_postal": "62120",
    "ville": "WITTES",
    "pays": "France",
    "email": "gaetan@cookandrecord.com",
    "siret": "98532404500014"
  },
  "Black Bear Club": {
    "nom": "LOPES MENDES TONY(BLACK DIAMOND)",
    "adresse": "14 Allée de l'esplanade",
    "code_postal": "91380",
    "ville": "CHILLY MAZARIN",
    "pays": "France",
    "email": "tony@blackbearclub.fr",
    "siret": "52750902000014"
  },
  "Volafotsy": {
    "nom": "POUILLARD NICOLAS(VOLAFOTSY EXPORT)",
    "adresse": "506 RUE DE LA CROUZILLE",
    "code_postal": "81000",
    "ville": "ALBI",
    "pays": "France",
    "email": "contact@volafotsy.com",
    "siret": "98081677100011"
  },
  "RP Parfums": {
    "nom": "RP",
    "adresse": "13 RUE DE LA COSSONNERIE",
    "code_postal": "75001",
    "ville": "PARIS",
    "pays": "France",
    "email": "dembele.mina@rpparfums.fr",
    "siret": "85007703300015"
  }
}